[{"popularity":45.24,"vote_count":7600,"video":false,"poster_path":"/AtsgWhDnHTq68L0lLsUrCnM7TjG.jpg","id":299537,"adult":false,"backdrop_path":"/nBS1vONGYrsL2C68C2oDQ3eKJR1.jpg","original_language":"en","original_title":"Captain Marvel","genre_ids":[28,12,878],"title":"Captain Marvel","vote_average":7,"overview":"The story follows Carol Danvers as she becomes one of the universe’s most powerful heroes when Earth is caught in the middle of a galactic war between two alien races. Set in the 1990s, Captain Marvel is an all-new adventure from a previously unseen period in the history of the Marvel Cinematic Universe.","release_date":"2019-03-08"},{"popularity":12.81,"vote_count":225,"video":false,"poster_path":"/i8i7xHztK5fb4ZXQ6BhOEwmnpQj.jpg","id":119569,"adult":false,"backdrop_path":"/lfyIXwFQUUO52BmhbLWuPxWu9gD.jpg","original_language":"en","original_title":"Marvel One-Shot: Item 47","genre_ids":[28,14,878],"title":"Marvel One-Shot: Item 47","vote_average":6.6,"overview":"Benny and Claire, a down on their luck couple find a discarded Chitauri gun, referred to as 'Item 47'...","release_date":"2012-09-25"},{"popularity":33.384,"vote_count":13028,"video":false,"poster_path":"/dr6x4GyyegBWtinPBzipY02J2lV.jpg","id":272,"adult":false,"backdrop_path":"/9myrRcegWGGp24mpVfkD4zhUfhi.jpg","original_language":"en","original_title":"Batman Begins","genre_ids":[28,80,18],"title":"Batman Begins","vote_average":7.6,"overview":"Driven by tragedy, billionaire Bruce Wayne dedicates his life to uncovering and defeating the corruption that plagues his home, Gotham City.  Unable to work within the system, he instead creates a new identity, a symbol of fear for the criminal underworld - The Batman.","release_date":"2005-06-15"},{"popularity":12.377,"vote_count":511,"video":false,"poster_path":"/j3SFJqZPeeB9g5JMU7UFLgEqj2T.jpg","id":251519,"adult":false,"backdrop_path":"/omK35Mr3oks6bd5efrgsO7CzmLP.jpg","original_language":"en","original_title":"Son of Batman","genre_ids":[28,12,16],"title":"Son of Batman","vote_average":6.8,"overview":"Batman learns that he has a violent, unruly pre-teen son with Talia al Ghul named Damian Wayne who is secretly being raised by Ra's al Ghul and the League of Assassins. When Ra's al Ghul apparently dies after a battle with Deathstroke, Batman must work to stop his long-lost son from taking revenge and guiding him to a righteous path, in addition to the chance for the pair to truly acknowledging each other as family.","release_date":"2014-04-20"},{"popularity":18.023,"vote_count":2989,"video":false,"poster_path":"/eTMrHEhlFPHNxpqGwpGGTdAa0xV.jpg","id":414,"adult":false,"backdrop_path":"/gVTTtYgKIBurNvkGiGC6735b8y.jpg","original_language":"en","original_title":"Batman Forever","genre_ids":[28,80,14],"title":"Batman Forever","vote_average":5.3,"overview":"The Dark Knight of Gotham City confronts a dastardly duo: Two-Face and the Riddler. Formerly District Attorney Harvey Dent, Two-Face believes Batman caused the courtroom accident which left him disfigured on one side. And Edward Nygma, computer-genius and former employee of millionaire Bruce Wayne, is out to get the philanthropist; as The Riddler. Former circus acrobat Dick Grayson, his family killed by Two-Face, becomes Wayne's ward and Batman's new partner Robin.","release_date":"1995-06-16"},{"popularity":6.457,"id":183392,"video":true,"vote_count":30,"vote_average":7.9,"title":"Capturing Avatar","release_date":"2010-11-16","original_language":"en","original_title":"Capturing Avatar","genre_ids":[99],"backdrop_path":"/rkXYAvWjHATFWE4fSdL5ziIrLBe.jpg","adult":false,"overview":"Capturing Avatar is a feature length behind-the-scenes documentary about the making of Avatar. It uses footage from the film's development, as well as stock footage from as far back as the production of Titanic in 1995. Also included are numerous interviews with cast, artists, and other crew members. The documentary was released as a bonus feature on the extended collector's edition of Avatar.","poster_path":"/snmfymyvgeWDoV8xUClnKEiymmB.jpg"},{"popularity":29.365,"id":597,"video":false,"vote_count":15261,"vote_average":7.8,"title":"Titanic","release_date":"1997-12-19","original_language":"en","original_title":"Titanic","genre_ids":[18,10749,53],"backdrop_path":"/xqQztbT6KlPLQLlRtNHoXivEMZA.jpg","adult":false,"overview":"101-year-old Rose DeWitt Bukater tells the story of her life aboard the Titanic, 84 years later. A young Rose boards the ship with her mother and fiancé. Meanwhile, Jack Dawson and Fabrizio De Rossi win third-class tickets aboard the ship. Rose tells the whole story from Titanic's departure through to its death—on its first and last voyage—on April 15, 1912.","poster_path":"/kHXEpyfl6zqn8a6YuozZUujufXf.jpg"},{"popularity":2.944,"id":102041,"video":false,"vote_count":11,"vote_average":7.3,"title":"Titanic: The Final Word","release_date":"2012-04-08","original_language":"en","original_title":"Titanic: The Final Word","genre_ids":[99,36],"backdrop_path":"/oE62PtYXFFh2RCaOINRt2Cps5We.jpg","adult":false,"overview":"James Cameron brings together some the world's leading Titanic experts, including engineers, naval architects, artists and historians, to solve the lingering mysteries of why and how the 'unsinkable' ship sank.","poster_path":"/iXq6283eSEogLzVU8N911A9ehf1.jpg"},{"popularity":8.47,"id":297806,"video":false,"vote_count":98,"vote_average":5.9,"title":"I Saw the Light","release_date":"2016-03-25","original_language":"en","original_title":"I Saw the Light","genre_ids":[18,10402],"backdrop_path":"/rej1UsHFFI4GCs93NmTGyDiuuJA.jpg","adult":false,"overview":"Singer and songwriter Hank Williams rises to fame in the 1940s, but alcohol abuse and infidelity take a toll on his career and marriage to fellow musician Audrey Mae Williams.","poster_path":"/xisJZ4Lmeib5ZzI2aIqwpMlGaQX.jpg"},{"popularity":32.396,"vote_count":10844,"video":false,"poster_path":"/rPdtLWNsZmAtoZl9PK7S2wE3qiS.jpg","id":238,"adult":false,"backdrop_path":"/6xKCYgH16UuwEGAyroLU6p8HLIn.jpg","original_language":"en","original_title":"The Godfather","genre_ids":[80,18],"title":"The Godfather","vote_average":8.6,"overview":"Spanning the years 1945 to 1955, a chronicle of the fictional Italian-American Corleone crime family. When organized crime family patriarch, Vito Corleone barely survives an attempt on his life, his youngest son, Michael steps in to take care of the would-be killers, launching a campaign of bloody revenge.","release_date":"1972-03-15"},{"popularity":14.187,"id":242,"video":false,"vote_count":3172,"vote_average":7.4,"title":"The Godfather: Part III","release_date":"1990-12-24","original_language":"en","original_title":"The Godfather: Part III","genre_ids":[80,18,53],"backdrop_path":"/dEuqTwwhfvk66jUKQa7bMqM5Cf7.jpg","adult":false,"overview":"In the midst of trying to legitimize his business dealings in 1979 New York and Italy, aging mafia don, Michael Corleone seeks forgiveness for his sins while taking a young protege under his wing.","poster_path":"/1hdm3Axw9LjITbApvAXBbqO58zE.jpg"},{"popularity":26.286,"vote_count":6381,"video":false,"poster_path":"/bVq65huQ8vHDd1a4Z37QtuyEvpA.jpg","id":240,"adult":false,"backdrop_path":"/gLbBRyS7MBrmVUNce91Hmx9vzqI.jpg","original_language":"en","original_title":"The Godfather: Part II","genre_ids":[80,18],"title":"The Godfather: Part II","vote_average":8.5,"overview":"In the continuing saga of the Corleone crime family, a young Vito Corleone grows up in Sicily and in 1910s New York. In the 1950s, Michael Corleone attempts to expand the family business into Las Vegas, Hollywood and Cuba.","release_date":"1974-12-20"},{"popularity":1.59,"id":70829,"video":false,"vote_count":10,"vote_average":4.6,"title":"The Last Godfather","release_date":"2011-04-11","original_language":"ko","original_title":"The Last Godfather","genre_ids":[28,35,53],"backdrop_path":"/24zpZGsijqPYxPuoz7gBX2OeMQO.jpg","adult":false,"overview":"Young-goo the son of mafia boss Don Carini, is too foolish to be part of the mafia elite. One day, Young-goo comes to his father and is trained by Tony V to be his father's successor. A few days later, Young-goo accidentally rescues Nancy, the only daughter of Don Bonfante, the boss of a rival mafia family. But Vinnie, an under-boss of the Bonfante family kidnapped her and fabricates that Young-goo has taken her. Vinnie's behavior provokes an armed conflict between the two families.","poster_path":"/8lJS9NkWgSDbvPBlpqB3M3Bm1hq.jpg"},{"popularity":36.712,"vote_count":14051,"video":false,"poster_path":"/rCzpDGLbOoPwLjy3OAm5NUPOTrC.jpg","id":122,"adult":false,"backdrop_path":"/8BPZO0Bf8TeAy8znF43z8soK3ys.jpg","original_language":"en","original_title":"The Lord of the Rings: The Return of the King","genre_ids":[28,12,14],"title":"The Lord of the Rings: The Return of the King","vote_average":8.4,"overview":"Aragorn is revealed as the heir to the ancient kings as he, Gandalf and the other members of the broken fellowship struggle to save Gondor from Sauron's forces. Meanwhile, Frodo and Sam take the ring closer to the heart of Mordor, the dark lord's realm.","release_date":"2003-12-17"},{"popularity":13.161,"vote_count":386,"video":false,"poster_path":"/1l3WpoF7TX9pOprX4XepCXjQXUV.jpg","id":123,"adult":false,"backdrop_path":"/8HqSxB9VLJkbRXRdlocbLq9wxwY.jpg","original_language":"en","original_title":"The Lord of the Rings","genre_ids":[12,16,18,14,10751],"title":"The Lord of the Rings","vote_average":6.5,"overview":"The Fellowship of the Ring embark on a journey to destroy the One Ring and end Sauron's reign over Middle-earth.","release_date":"1978-11-15"},{"popularity":37.977,"vote_count":15440,"video":false,"poster_path":"/56zTpe2xvaA4alU51sRWPoKPYZy.jpg","id":120,"adult":false,"backdrop_path":"/pIUvQ9Ed35wlWhY2oU6OmwEsmzG.jpg","original_language":"en","original_title":"The Lord of the Rings: The Fellowship of the Ring","genre_ids":[28,12,14],"title":"The Lord of the Rings: The Fellowship of the Ring","vote_average":8.3,"overview":"Young hobbit Frodo Baggins, after inheriting a mysterious ring from his uncle Bilbo, must leave his home in order to keep it from falling into the hands of its evil creator. Along the way, a fellowship is formed to protect the ringbearer and make sure that the ring arrives at its final destination: Mt. Doom, the only place where it can be destroyed.","release_date":"2001-12-19"},{"popularity":457.734,"vote_count":4850,"video":false,"poster_path":"/udDclJoHjfjb8Ekgsd4FDteOkCU.jpg","id":475557,"adult":false,"backdrop_path":"/n6bUvigpRFqSwmPp1m2YADdbRBc.jpg","original_language":"en","original_title":"Joker","genre_ids":[80,18,53],"title":"Joker","vote_average":8.5,"overview":"During the 1980s, a failed stand-up comedian is driven insane and turns to a life of crime and chaos in Gotham City while becoming an infamous psychopathic crime figure.","release_date":"2019-10-04"},{"popularity":39.122,"vote_count":17409,"video":false,"poster_path":"/adw6Lq9FiC9zjYEpOqfq03ituwp.jpg","id":550,"adult":false,"backdrop_path":"/mMZRKb3NVo5ZeSPEIaNW9buLWQ0.jpg","original_language":"en","original_title":"Fight Club","genre_ids":[18],"title":"Fight Club","vote_average":8.4,"overview":"A ticking-time-bomb insomniac and a slippery soap salesman channel primal male aggression into a shocking new form of therapy. Their concept catches on, with underground \"fight clubs\" forming in every town, until an eccentric gets in the way and ignites an out-of-control spiral toward oblivion.","release_date":"1999-10-15"},{"popularity":50.229,"vote_count":19951,"video":false,"poster_path":"/nBNZadXqJSdt05SHLqgT0HuC5Gm.jpg","id":157336,"adult":false,"backdrop_path":"/xu9zaAevzQ5nnrsXN6JcahLnG4i.jpg","original_language":"en","original_title":"Interstellar","genre_ids":[12,18,878],"title":"Interstellar","vote_average":8.3,"overview":"Interstellar chronicles the adventures of a group of explorers who make use of a newly discovered wormhole to surpass the limitations on human space travel and conquer the vast distances involved in an interstellar voyage.","release_date":"2014-11-05"},{"popularity":21.19,"vote_count":9053,"video":false,"poster_path":"/miDoEMlYDJhOCvxlzI0wZqBs9Yt.jpg","id":857,"adult":false,"backdrop_path":"/hjQp148VjWF4KjzhsD90OCMr11h.jpg","original_language":"en","original_title":"Saving Private Ryan","genre_ids":[18,36,10752],"title":"Saving Private Ryan","vote_average":8.1,"overview":"As U.S. troops storm the beaches of Normandy, three brothers lie dead on the battlefield, with a fourth trapped behind enemy lines. Ranger captain John Miller and seven men are tasked with penetrating German-held territory and bringing the boy home.","release_date":"1998-07-24"},{"popularity":23.045,"vote_count":8999,"video":false,"poster_path":"/sOHqdY1RnSn6kcfAHKu28jvTebE.jpg","id":497,"adult":false,"backdrop_path":"/Rlt20sEbOQKPVjia7lUilFm49W.jpg","original_language":"en","original_title":"The Green Mile","genre_ids":[80,18,14],"title":"The Green Mile","vote_average":8.5,"overview":"A supernatural tale set on death row in a Southern prison, where gentle giant John Coffey possesses the mysterious power to heal people's ailments. When the cell block's head guard, Paul Edgecomb, recognizes Coffey's miraculous gift, he tries desperately to help stave off the condemned man's execution.","release_date":"1999-12-10"},{"popularity":98.587,"vote_count":15672,"video":false,"poster_path":"/7WsyChQLEftFiDOVTGkv3hFpyyt.jpg","id":299536,"adult":false,"backdrop_path":"/bOGkgRGdhrBYJSLpXaxhXVstddV.jpg","original_language":"en","original_title":"Avengers: Infinity War","genre_ids":[28,12,878],"title":"Avengers: Infinity War","vote_average":8.3,"overview":"As the Avengers and their allies have continued to protect the world from threats too large for any one hero to handle, a new danger has emerged from the cosmic shadows: Thanos. A despot of intergalactic infamy, his goal is to collect all six Infinity Stones, artifacts of unimaginable power, and use them to inflict his twisted will on all of reality. Everything the Avengers have fought for has led up to this moment - the fate of Earth and existence itself has never been more uncertain.","release_date":"2018-04-27"},{"popularity":48.31,"vote_count":10100,"video":false,"poster_path":"/or06FN3Dka5tukK1e9sl16pB3iy.jpg","id":299534,"adult":false,"backdrop_path":"/7RyHsO4yDXtBv1zUU3mTpHeQ0d5.jpg","original_language":"en","original_title":"Avengers: Endgame","genre_ids":[28,12,878],"title":"Avengers: Endgame","vote_average":8.3,"overview":"After the devastating events of Avengers: Infinity War, the universe is in ruins due to the efforts of the Mad Titan, Thanos. With the help of remaining allies, the Avengers must assemble once more in order to undo Thanos' actions and restore order to the universe once and for all, no matter what consequences may be in store.","release_date":"2019-04-26"},{"popularity":42.116,"vote_count":20852,"video":false,"poster_path":"/cezWGskPY5x7GaglTTRN4Fugfb8.jpg","id":24428,"adult":false,"backdrop_path":"/hbn46fQaRmlpBuUrEiFqv0GDL6Y.jpg","original_language":"en","original_title":"The Avengers","genre_ids":[28,12,878],"title":"The Avengers","vote_average":7.7,"overview":"When an unexpected enemy emerges and threatens global safety and security, Nick Fury, director of the international peacekeeping agency known as S.H.I.E.L.D., finds himself in need of a team to pull the world back from the brink of disaster. Spanning the globe, a daring recruitment effort begins!","release_date":"2012-05-04"},{"popularity":31.753,"vote_count":14475,"video":false,"poster_path":"/t90Y3G8UGQp0f0DrP60wRu9gfrH.jpg","id":99861,"adult":false,"backdrop_path":"/rFtsE7Lhlc2jRWF7SRAU0fvrveQ.jpg","original_language":"en","original_title":"Avengers: Age of Ultron","genre_ids":[28,12,878],"title":"Avengers: Age of Ultron","vote_average":7.3,"overview":"When Tony Stark tries to jumpstart a dormant peacekeeping program, things go awry and Earth’s Mightiest Heroes are put to the ultimate test as the fate of the planet hangs in the balance. As the villainous Ultron emerges, it is up to The Avengers to stop him from enacting his terrible plans, and soon uneasy alliances and unexpected action pave the way for an epic and unique global adventure.","release_date":"2015-05-01"},{"popularity":2.846,"id":448366,"video":true,"vote_count":9,"vote_average":8.3,"title":"Building the Dream: Assembling the Avengers","release_date":"2012-09-25","original_language":"en","original_title":"Building the Dream: Assembling the Avengers","genre_ids":[99],"backdrop_path":null,"adult":false,"overview":"This 90-minute feature will show how the films Iron Man, The Incredible Hulk, Iron Man 2, Thor, and Captain America: The First Avenger were conceived and led to the greatest super hero team ever assembled on screen The Avengers.","poster_path":"/2RDUQpzhJHVzObkL4ZxwJkbKYSz.jpg"},{"popularity":20.767,"vote_count":10427,"video":false,"poster_path":"/6WBIzCgmDCYrqh64yDREGeDk9d3.jpg","id":98,"adult":false,"backdrop_path":"/5vZw7ltCKI0JiOYTtRxaIC3DX0e.jpg","original_language":"en","original_title":"Gladiator","genre_ids":[28,12,18],"title":"Gladiator","vote_average":8.1,"overview":"In the year 180, the death of emperor Marcus Aurelius throws the Roman Empire into chaos.  Maximus is one of the Roman army's most capable and trusted generals and a key advisor to the emperor.  As Marcus' devious son Commodus ascends to the throne, Maximus is set to be executed.  He escapes, but is captured by slave traders.  Renamed Spaniard and forced to become a gladiator, Maximus must battle to the death with other men for the amusement of paying audiences.","release_date":"2000-05-01"},{"popularity":127.483,"vote_count":3379,"video":false,"poster_path":"/2bXbqYdUdNVa8VIWXVfclP2ICtT.jpg","id":420818,"adult":false,"backdrop_path":"/nRXO2SnOA75OsWhNhXstHB8ZmI3.jpg","original_language":"en","original_title":"The Lion King","genre_ids":[12,16,18],"title":"The Lion King","vote_average":7.1,"overview":"Simba idolises his father, King Mufasa, and takes to heart his own royal destiny. But not everyone in the kingdom celebrates the new cub's arrival. Scar, Mufasa's brother—and former heir to the throne—has plans of his own. The battle for Pride Rock is ravaged with betrayal, tragedy and drama, ultimately resulting in Simba's exile. With help from a curious pair of newfound friends, Simba will have to figure out how to grow up and take back what is rightfully his.","release_date":"2019-07-19"},{"popularity":26.644,"vote_count":4634,"video":false,"poster_path":"/xq1Ugd62d23K2knRUx6xxuALTZB.jpg","id":372058,"adult":false,"backdrop_path":"/7OMAfDJikBxItZBIug0NJig5DHD.jpg","original_language":"ja","original_title":"君の名は。","genre_ids":[16,18,10749],"title":"Your Name.","vote_average":8.5,"overview":"High schoolers Mitsuha and Taki are complete strangers living separate lives. But one night, they suddenly switch places. Mitsuha wakes up in Taki’s body, and he in hers. This bizarre occurrence continues to happen randomly, and the two must adjust their lives around each other.","release_date":"2017-04-07"},{"popularity":9.91,"vote_count":1255,"video":false,"poster_path":"/66A9MqXOyVFCssoloscw79z8Tew.jpg","id":20453,"adult":false,"backdrop_path":"/6LnwpadKFRrqam7IfBAi3lNTz6Y.jpg","original_language":"hi","original_title":"3 Idiots","genre_ids":[35,18,10749],"title":"3 Idiots","vote_average":7.9,"overview":"In the tradition of “Ferris Bueller’s Day Off” comes this refreshing comedy about a rebellious prankster with a crafty mind and a heart of gold. Rascal. Joker. Dreamer. Genius... You've never met a college student quite like \"Rancho.\" From the moment he arrives at India's most prestigious university, Rancho's outlandish schemes turn the campus upside down—along with the lives of his two newfound best friends. Together, they make life miserable for \"Virus,\" the school’s uptight and heartless dean. But when Rancho catches the eye of the dean's sexy daughter, Virus sets his sights on flunking out the \"3 idiots\" once and for all.","release_date":"2009-12-25"},{"popularity":11.624,"id":7508,"video":false,"vote_count":431,"vote_average":8,"title":"Like Stars on Earth","release_date":"2007-12-21","original_language":"hi","original_title":"Taare Zameen Par","genre_ids":[18],"backdrop_path":"/5dF4FNwM2qZIuF0WCUs5zvDGU2H.jpg","adult":false,"overview":"Ishaan Awasthi is an eight-year-old whose world is filled with wonders that no one else seems to appreciate. Colours, fish, dogs, and kites don't seem important to the adults, who are much more interested in things like homework, marks, and neatness. Ishaan cannot seem to get anything right in class; he is then sent to boarding school, where his life changes forever.","poster_path":"/t8x4j5KtI6hZRUVtPPztNBo1q5W.jpg"},{"popularity":9.8,"vote_count":851,"video":false,"poster_path":"/hMQXRvVmlo52rSZjehkBU42ljue.jpg","id":60243,"adult":false,"backdrop_path":"/iz8eaAVK0HawY8yuoeqAs6Uk83u.jpg","original_language":"fa","original_title":"جدایی نادر از سیمین","genre_ids":[18],"title":"A Separation","vote_average":7.9,"overview":"A married couple are faced with a difficult decision - to improve the life of their child by moving to another country or to stay in Iran and look after a deteriorating parent who has Alzheimer's disease.","release_date":"2011-12-29"},{"popularity":20.088,"vote_count":5846,"video":false,"poster_path":"/2qAgGeYdLjelOEqjW9FYvPHpplC.jpg","id":197,"adult":false,"backdrop_path":"/7A3uAcB6KAScHcFw0giptE1mhAZ.jpg","original_language":"en","original_title":"Braveheart","genre_ids":[28,18,36,10752],"title":"Braveheart","vote_average":7.9,"overview":"Enraged at the slaughter of Murron, his new bride and childhood love, Scottish warrior William Wallace slays a platoon of the local English lord's soldiers. This leads the village to revolt and, eventually, the entire country to rise up against English rule.","release_date":"1995-05-24"},{"popularity":28.269,"vote_count":5806,"video":false,"poster_path":"/ekstpH614fwDX8DUln1a2Opz0N8.jpg","id":103,"adult":false,"backdrop_path":"/hjmJKAVoZ3n2KWbKgasbfdugwhu.jpg","original_language":"en","original_title":"Taxi Driver","genre_ids":[80,18],"title":"Taxi Driver","vote_average":8.2,"overview":"A mentally unstable Vietnam War veteran works as a night-time taxi driver in New York City where the perceived decadence and sleaze feeds his urge for violent action, attempting to save a preadolescent prostitute in the process.","release_date":"1976-02-08"},{"popularity":26.368,"vote_count":4615,"video":false,"poster_path":"/7BsvSuDQuoqhWmU2fL7W2GOcZHU.jpg","id":490132,"adult":false,"backdrop_path":"/78PjwaykLY2QqhMfWRDvmfbC6EV.jpg","original_language":"en","original_title":"Green Book","genre_ids":[35,18],"title":"Green Book","vote_average":8.3,"overview":"Tony Lip, a bouncer in 1962, is hired to drive pianist Don Shirley on a tour through the Deep South in the days when African Americans, forced to find alternate accommodations and services due to segregation laws below the Mason-Dixon Line, relied on a guide called The Negro Motorist Green Book.","release_date":"2018-11-16"},{"popularity":7.789,"vote_count":470,"video":false,"poster_path":"/sYbWZa413QmoBx0quaTLYMZHMAi.jpg","id":297222,"adult":false,"backdrop_path":"/rkLeovdCmox7Yx2gttcd1Fd1ISG.jpg","original_language":"hi","original_title":"पीके","genre_ids":[35,18],"title":"PK","vote_average":7.7,"overview":"A stranger in the city asks questions no one has asked before. Known only by his initials, the man's innocent questions and childlike curiosity take him on a journey of love, laughter and letting go.","release_date":"2014-12-19"},{"popularity":27.556,"vote_count":13393,"video":false,"poster_path":"/vK1o5rZGqxyovfIhZyMELhk03wO.jpg","id":106646,"adult":false,"backdrop_path":"/rP36Rx5RQh0rmH2ynEIaG8DxbV2.jpg","original_language":"en","original_title":"The Wolf of Wall Street","genre_ids":[35,80,18],"title":"The Wolf of Wall Street","vote_average":8,"overview":"A New York stockbroker refuses to cooperate in a large securities fraud case involving corruption on Wall Street, corporate banking world and mob infiltration. Based on Jordan Belfort's autobiography.","release_date":"2013-12-25"},{"popularity":8.355,"id":15774,"video":false,"vote_count":148,"vote_average":7.5,"title":"Swades","release_date":"2004-12-17","original_language":"hi","original_title":"स्वदेस","genre_ids":[18],"backdrop_path":"/eO77F4bGbcRo1Ap88xKS1WeahSC.jpg","adult":false,"overview":"NASA employee Mohan Bhargav comes to India to take his grandmother along with him at his home abroad. During his stay at his native place, he comes across various social issues faced by the villagers and decides to take a stand for them, to improve their quality of life.","poster_path":"/yUSL24kpHc9Nls4Pohia4shgcIM.jpg"},{"popularity":32.72,"vote_count":13045,"video":false,"poster_path":"/fnbjcRDYn6YviCcePDnGdyAkYsB.jpg","id":263115,"adult":false,"backdrop_path":"/yEv8c6i79vk06sZDC3Z9D8HQLVV.jpg","original_language":"en","original_title":"Logan","genre_ids":[28,18,878],"title":"Logan","vote_average":7.8,"overview":"In the near future, a weary Logan cares for an ailing Professor X in a hideout on the Mexican border. But Logan's attempts to hide from the world and his legacy are upended when a young mutant arrives, pursued by dark forces.","release_date":"2017-03-03"},{"popularity":1.788,"id":78286,"video":false,"vote_count":8,"vote_average":4.8,"title":"The Kate Logan affair","release_date":"2010-10-15","original_language":"fr","original_title":"The Kate Logan affair","genre_ids":[18,53],"backdrop_path":"/oel7LRzvRE308Sirl54lLjISMws.jpg","adult":false,"overview":"A young psychologically unstable young police woman named Kate Logan and a married Frenchman find themselves caught up in a dramatic twisted affair.","poster_path":"/9MJMtdxti4eQ9d5qIzcWpKiFD0J.jpg"},{"popularity":1.456,"vote_count":7323,"video":false,"poster_path":"/hJ09SIDACUvRg3RLQRT2jUfDy7W.jpg","id":36657,"adult":false,"backdrop_path":"/psgFJzsb6ae49PeWqINqGEIZZBt.jpg","original_language":"en","original_title":"X-Men","genre_ids":[28,12,878],"title":"X-Men","vote_average":7,"overview":"Two mutants, Rogue and Wolverine, come to a private academy for their kind whose resident superhero team, the X-Men, must oppose a terrorist organization with similar powers.","release_date":"2000-07-14"},{"popularity":22.308,"vote_count":1773,"video":false,"poster_path":"/8Ls1tZ6qjGzfGHjBB7ihOnf7f0b.jpg","id":522681,"adult":false,"backdrop_path":"/mWLljCmpqlcYQh7uh51BBMwCZwN.jpg","original_language":"en","original_title":"Escape Room","genre_ids":[28,27,878,53],"title":"Escape Room","vote_average":6.4,"overview":"Six strangers find themselves in circumstances beyond their control, and must use their wits to survive.","release_date":"2019-01-04"},{"popularity":13.429,"vote_count":5886,"video":false,"poster_path":"/eqFckcHuFCT1FrzLOAvXBb4jHwq.jpg","id":264644,"adult":false,"backdrop_path":"/6Fi9Ta7m0wdmve2B2XpDdysxAGd.jpg","original_language":"en","original_title":"Room","genre_ids":[18,53],"title":"Room","vote_average":8.1,"overview":"Jack is a young boy of 5 years old who has lived all his life in one room. He believes everything within it are the only real things in the world. But what will happen when his Ma suddenly tells him that there are other things outside of Room?","release_date":"2015-10-16"},{"popularity":17.76,"vote_count":6181,"video":false,"poster_path":"/yAhqW57pwMAsCgmZpM5zSIVQVTh.jpg","id":146233,"adult":false,"backdrop_path":"/cLGKawjQ5tUJCuDyR0OnGYT4fyf.jpg","original_language":"en","original_title":"Prisoners","genre_ids":[80,18,53],"title":"Prisoners","vote_average":8,"overview":"When Keller Dover's daughter and her friend go missing, he takes matters into his own hands as the police pursue multiple leads and the pressure mounts. But just how far will this desperate father go to protect his family?","release_date":"2013-09-21"},{"popularity":57.724,"vote_count":14985,"video":false,"poster_path":"/dCtFvscYcXQKTNvyyaQr2g2UacJ.jpg","id":671,"adult":false,"backdrop_path":"/hziiv14OpD73u9gAak4XDDfBKa2.jpg","original_language":"en","original_title":"Harry Potter and the Philosopher's Stone","genre_ids":[12,14,10751],"title":"Harry Potter and the Philosopher's Stone","vote_average":7.8,"overview":"Harry Potter has lived under the stairs at his aunt and uncle's house his whole life. But on his 11th birthday, he learns he's a powerful wizard -- with a place waiting for him at the Hogwarts School of Witchcraft and Wizardry. As he learns to harness his newfound powers with the help of the school's kindly headmaster, Harry uncovers the truth about his parents' deaths -- and about the villain who's to blame.","release_date":"2001-11-16"},{"popularity":44.667,"vote_count":12675,"video":false,"poster_path":"/sdEOH0992YZ0QSxgXNIGLq1ToUi.jpg","id":672,"adult":false,"backdrop_path":"/avqzwKn89VetTEvAlBePt3Us6Al.jpg","original_language":"en","original_title":"Harry Potter and the Chamber of Secrets","genre_ids":[12,14,10751],"title":"Harry Potter and the Chamber of Secrets","vote_average":7.7,"overview":"Cars fly, trees fight back, and a mysterious house-elf comes to warn Harry Potter at the start of his second year at Hogwarts. Adventure and danger await when bloody writing on a wall announces: The Chamber Of Secrets Has Been Opened. To save Hogwarts will require all of Harry, Ron and Hermione’s magical abilities and courage.","release_date":"2002-11-15"},{"popularity":34.006,"vote_count":12428,"video":false,"poster_path":"/jUFjMoLh8T2CWzHUSjKCojI5SHu.jpg","id":673,"adult":false,"backdrop_path":"/vbk5CfaAHOjQPSAcYm6AoRRz2Af.jpg","original_language":"en","original_title":"Harry Potter and the Prisoner of Azkaban","genre_ids":[12,14,10751],"title":"Harry Potter and the Prisoner of Azkaban","vote_average":7.9,"overview":"Harry, Ron and Hermione return to Hogwarts for another magic-filled year. Harry comes face to face with danger yet again, this time in the form of escaped convict, Sirius Black—and turns to sympathetic Professor Lupin for help.","release_date":"2004-06-04"},{"popularity":28.84,"vote_count":11300,"video":false,"poster_path":"/bFXys2nhALwDvpkF3dP3Vvdfn8b.jpg","id":767,"adult":false,"backdrop_path":"/kRyojLYtWPsBKfDhphhhl1FdM5a.jpg","original_language":"en","original_title":"Harry Potter and the Half-Blood Prince","genre_ids":[12,14,10751],"title":"Harry Potter and the Half-Blood Prince","vote_average":7.7,"overview":"As Harry begins his sixth year at Hogwarts, he discovers an old book marked as 'Property of the Half-Blood Prince', and begins to learn more about Lord Voldemort's dark past.","release_date":"2009-07-08"},{"popularity":26.908,"vote_count":11910,"video":false,"poster_path":"/6sASqcdrEHXxUhA3nFpjrRecPD2.jpg","id":674,"adult":false,"backdrop_path":"/gzKW3emulMxIHzuXxZoyDB1lei9.jpg","original_language":"en","original_title":"Harry Potter and the Goblet of Fire","genre_ids":[12,14,10751],"title":"Harry Potter and the Goblet of Fire","vote_average":7.8,"overview":"Harry starts his fourth year at Hogwarts, competes in the treacherous Triwizard Tournament and faces the evil Lord Voldemort. Ron and Hermione help Harry manage the pressure – but Voldemort lurks, awaiting his chance to destroy Harry and all that he stands for.","release_date":"2005-11-18"},{"popularity":36.832,"vote_count":11548,"video":false,"poster_path":"/maP4MTfPCeVD2FZbKTLUgriOW4R.jpg","id":12444,"adult":false,"backdrop_path":"/8YA36faYlkpfp6aozcGsqq68pZ9.jpg","original_language":"en","original_title":"Harry Potter and the Deathly Hallows: Part 1","genre_ids":[12,14,10751],"title":"Harry Potter and the Deathly Hallows: Part 1","vote_average":7.8,"overview":"Harry, Ron and Hermione walk away from their last year at Hogwarts to find and destroy the remaining Horcruxes, putting an end to Voldemort's bid for immortality. But with Harry's beloved Dumbledore dead and Voldemort's unscrupulous Death Eaters on the loose, the world is more dangerous than ever.","release_date":"2010-11-19"},{"popularity":32.527,"vote_count":12361,"video":false,"poster_path":"/fTplI1NCSuEDP4ITLcTps739fcC.jpg","id":12445,"adult":false,"backdrop_path":"/n5A7brJCjejceZmHyujwUTVgQNC.jpg","original_language":"en","original_title":"Harry Potter and the Deathly Hallows: Part 2","genre_ids":[12,14,10751],"title":"Harry Potter and the Deathly Hallows: Part 2","vote_average":8.1,"overview":"Harry, Ron and Hermione continue their quest to vanquish the evil Voldemort once and for all. Just as things begin to look hopeless for the young wizards, Harry discovers a trio of magical objects that endow him with powers to rival Voldemort's formidable skills.","release_date":"2011-07-15"},{"popularity":27.077,"vote_count":11587,"video":false,"poster_path":"/4YnLxYLHhT4UQ8i9jxAXWy46Xuw.jpg","id":675,"adult":false,"backdrop_path":"/gGt4ePOhD8ilxd3FYhKB06L2CyG.jpg","original_language":"en","original_title":"Harry Potter and the Order of the Phoenix","genre_ids":[12,14,9648,10751],"title":"Harry Potter and the Order of the Phoenix","vote_average":7.6,"overview":"Returning for his fifth year of study at Hogwarts, Harry is stunned to find that his warnings about the return of Lord Voldemort have been ignored. Left with no choice, Harry takes matters into his own hands, training a small group of students – dubbed 'Dumbledore's Army' – to defend themselves against the dark arts.","release_date":"2007-07-11"},{"popularity":9.048,"vote_count":1220,"video":false,"poster_path":"/wss1PkvHD2cYH6lu5mSa2MgGoi.jpg","id":10376,"adult":false,"backdrop_path":"/g95aipBRguk1lFwpAU7FJ4Z9cws.jpg","original_language":"it","original_title":"La leggenda del pianista sull'oceano","genre_ids":[18,10402,10749],"title":"The Legend of 1900","vote_average":8.3,"overview":"The story of a virtuoso piano player who lives his entire life aboard an ocean liner. Born and raised on the ship, 1900 (Tim Roth) learned about the outside world through interactions with passengers, never setting foot on land, even for the love of his life. Years later, the ship may be destroyed, and a former band member fears that 1900 may still be aboard, willing to go down with the ship.","release_date":"1998-10-28"},{"popularity":37.658,"vote_count":7918,"video":false,"poster_path":"/lcMp3AONdNhjYE9MmTtMMTOiRDP.jpg","id":8966,"adult":false,"backdrop_path":"/nEdBHjvRkKwEPD1Ps5A3rRiiLVN.jpg","original_language":"en","original_title":"Twilight","genre_ids":[18,14,10749],"title":"Twilight","vote_average":6,"overview":"When Bella Swan moves to a small town in the Pacific Northwest to live with her father, she meets the reclusive Edward Cullen, a mysterious classmate who reveals himself to be a 108-year-old vampire. Despite Edward's repeated cautions, Bella can't help but fall in love with him, a fatal move that endangers her own life when a coven of bloodsuckers try to challenge the Cullen clan.","release_date":"2008-11-21"},{"popularity":19.11,"vote_count":5299,"video":false,"poster_path":"/sOpCY4by0bkEu9LbVXVCOpWWKzF.jpg","id":24021,"adult":false,"backdrop_path":"/lKCZYVQQb7Agw6WR25WvQBFKJmK.jpg","original_language":"en","original_title":"The Twilight Saga: Eclipse","genre_ids":[12,18,14,10749],"title":"The Twilight Saga: Eclipse","vote_average":6.1,"overview":"Bella once again finds herself surrounded by danger as Seattle is ravaged by a string of mysterious killings and a malicious vampire continues her quest for revenge. In the midst of it all, she is forced to choose between her love for Edward and her friendship with Jacob, knowing that her decision has the potential to ignite the ageless struggle between vampire and werewolf. With her graduation quickly approaching, Bella is confronted with the most important decision of her life.","release_date":"2010-06-23"},{"popularity":22.011,"vote_count":5579,"video":false,"poster_path":"/4O6OCHVrXie2Th8asDn5utvlTwC.jpg","id":18239,"adult":false,"backdrop_path":"/fOI3kFfMGBnNJJlnwYAXunpqzze.jpg","original_language":"en","original_title":"The Twilight Saga: New Moon","genre_ids":[12,18,14,10749],"title":"The Twilight Saga: New Moon","vote_average":5.8,"overview":"Forks, Washington resident Bella Swan is reeling from the departure of her vampire love, Edward Cullen, and finds comfort in her friendship with Jacob Black, a werewolf. But before she knows it, she's thrust into a centuries-old conflict, and her desire to be with Edward at any cost leads her to take greater and greater risks.","release_date":"2009-11-20"},{"popularity":23.456,"vote_count":5502,"video":false,"poster_path":"/kJQPygYB8aNEevZZHRifyYrAdU9.jpg","id":50620,"adult":false,"backdrop_path":"/xDWphxQqBfZJVlTrg6C0GQBSeUc.jpg","original_language":"en","original_title":"The Twilight Saga: Breaking Dawn - Part 2","genre_ids":[12,18,14,10749],"title":"The Twilight Saga: Breaking Dawn - Part 2","vote_average":6.3,"overview":"After the birth of Renesmee, the Cullens gather other vampire clans in order to protect the child from a false allegation that puts the family in front of the Volturi.","release_date":"2012-11-16"},{"popularity":22.12,"vote_count":5463,"video":false,"poster_path":"/dSSzv6JrlwS48pBeTNSswLJXOYF.jpg","id":50619,"adult":false,"backdrop_path":"/fwhRNjMmwqeGH35eQonSPmQs2ah.jpg","original_language":"en","original_title":"The Twilight Saga: Breaking Dawn - Part 1","genre_ids":[12,14,10749],"title":"The Twilight Saga: Breaking Dawn - Part 1","vote_average":6,"overview":"The new found married bliss of Bella Swan and vampire Edward Cullen is cut short when a series of betrayals and misfortunes threatens to destroy their world.","release_date":"2011-11-17"},{"popularity":23.292,"vote_count":8785,"video":false,"poster_path":"/zSouWWrySXshPCT4t3UKCQGayyo.jpg","id":246655,"adult":false,"backdrop_path":"/oQWWth5AOtbWG9o8SCAviGcADed.jpg","original_language":"en","original_title":"X-Men: Apocalypse","genre_ids":[28,12,14,878],"title":"X-Men: Apocalypse","vote_average":6.5,"overview":"After the re-emergence of the world's first mutant, world-destroyer Apocalypse, the X-Men must unite to defeat his extinction level plan.","release_date":"2016-05-27"},{"popularity":28.704,"vote_count":10606,"video":false,"poster_path":"/pb1IURTkK5rImP9ZV83lxJO2us7.jpg","id":127585,"adult":false,"backdrop_path":"/5kYj5EOQMFBFCdnk4X8KaFUfDVR.jpg","original_language":"en","original_title":"X-Men: Days of Future Past","genre_ids":[28,12,14,878],"title":"X-Men: Days of Future Past","vote_average":7.5,"overview":"The ultimate X-Men ensemble fights a war for the survival of the species across two time periods as they join forces with their younger selves in an epic battle that must change the past – to save our future.","release_date":"2014-05-23"},{"popularity":4.621,"id":447399,"video":true,"vote_count":62,"vote_average":6.5,"title":"X-Men: The Mutant Watch","release_date":"2000-07-02","original_language":"en","original_title":"X-Men: The Mutant Watch","genre_ids":[99],"backdrop_path":"/jDWJoj7YjZPjaRcq676OIJ7hdwC.jpg","adult":false,"overview":"While Senator Kelly addresses a senate committee about the supposed mutant menace, we learn about the making of the movie, X-Men.","poster_path":"/2BSZiURkEKgpNLIPjIRUEw3pASh.jpg"},{"popularity":3.252,"id":447143,"video":true,"vote_count":16,"vote_average":6.7,"title":"X-Men: The Excitement Continues","release_date":"2006-10-02","original_language":"en","original_title":"X-Men: The Excitement Continues","genre_ids":[99],"backdrop_path":"/ge7jLdgf4c6lqBCw7kyYijKMdYo.jpg","adult":false,"overview":"A behind the scenes look at the making of X-men: The Last Stand.","poster_path":"/nu0Ib5hL02JTE2vNXudPNFa5Wlm.jpg"},{"popularity":2.118,"id":2080,"video":false,"vote_count":6885,"vote_average":6.2,"title":"X-Men Origins: Wolverine","release_date":"2009-04-30","original_language":"en","original_title":"X-Men Origins: Wolverine","genre_ids":[12,28,53,878],"backdrop_path":"/mEuDxpLNBCarVgXRqDznHT7bdS8.jpg","adult":false,"overview":"After seeking to live a normal life, Logan sets out to avenge the death of his girlfriend by undergoing the mutant Weapon X program and becoming Wolverine.","poster_path":"/kqO36IYvWbRKMPiUeiVZUFH06Rc.jpg"},{"popularity":4.006,"id":81946,"video":false,"vote_count":18,"vote_average":6.4,"title":"X-Men: Production Scrapbook","release_date":"2000-11-02","original_language":"en","original_title":"X-Men: Production Scrapbook","genre_ids":[99],"backdrop_path":"/bk3mL984lTBwsjS5FJ1pkRPMW0w.jpg","adult":false,"overview":"","poster_path":"/iN9DjcdY90ytdn63MHawSRv1fTl.jpg"},{"popularity":1.737,"vote_count":3,"video":false,"poster_path":"/i421FBzWPlg64D4go2MqMxH5tsE.jpg","id":637920,"adult":false,"backdrop_path":null,"original_language":"tr","original_title":"7. Koğuştaki Mucize","genre_ids":[18],"title":"7. Koğuştaki Mucize","vote_average":8.2,"overview":"Story about love between a mentally-ill father and wrongly accused of murder, and his lovely six years old daughter.","release_date":"2019-10-10"},{"popularity":50.122,"vote_count":12198,"video":false,"poster_path":"/btTdmkgIvOi0FFip1sPuZI2oQG6.jpg","id":11,"adult":false,"backdrop_path":"/4iJfYYoQzZcONB9hNzg0J0wWyPH.jpg","original_language":"en","original_title":"Star Wars","genre_ids":[28,12,878],"title":"Star Wars","vote_average":8.2,"overview":"Princess Leia is captured and held hostage by the evil Imperial forces in their effort to take over the galactic Empire. Venturesome Luke Skywalker and dashing captain Han Solo team together with the loveable robot duo R2-D2 and C-3PO to rescue the beautiful princess and restore peace and justice in the Empire.","release_date":"1997-01-31"},{"popularity":33.991,"vote_count":9170,"video":false,"poster_path":"/kOVEVeg59E0wsnXmF9nrh6OmWII.jpg","id":181808,"adult":false,"backdrop_path":"/5Iw7zQTHVRBOYpA0V6z0yypOPZh.jpg","original_language":"en","original_title":"Star Wars: The Last Jedi","genre_ids":[28,12,14,878],"title":"Star Wars: The Last Jedi","vote_average":7,"overview":"Rey develops her newly discovered abilities with the guidance of Luke Skywalker, who is unsettled by the strength of her powers. Meanwhile, the Resistance prepares to do battle with the First Order.","release_date":"2017-12-15"},{"popularity":34.342,"vote_count":13139,"video":false,"poster_path":"/weUSwMdQIa3NaXVzwUoIIcAi85d.jpg","id":140607,"adult":false,"backdrop_path":"/njv65RTipNSTozFLuF85jL0bcQe.jpg","original_language":"en","original_title":"Star Wars: The Force Awakens","genre_ids":[28,12,14,878],"title":"Star Wars: The Force Awakens","vote_average":7.4,"overview":"Thirty years after defeating the Galactic Empire, Han Solo and his allies face a new threat from the evil Kylo Ren and his army of Stormtroopers.","release_date":"2015-12-18"},{"popularity":31.223,"vote_count":4357,"video":false,"poster_path":"/3IGbjc5ZC5yxim5W0sFING2kdcz.jpg","id":348350,"adult":false,"backdrop_path":"/j2r1iuYn1QalnlsdPmPBOIz0IfJ.jpg","original_language":"en","original_title":"Solo: A Star Wars Story","genre_ids":[28,12,878],"title":"Solo: A Star Wars Story","vote_average":6.6,"overview":"Through a series of daring escapades deep within a dark and dangerous criminal underworld, Han Solo meets his mighty future copilot Chewbacca and encounters the notorious gambler Lando Calrissian.","release_date":"2018-05-25"},{"popularity":36.236,"vote_count":0,"video":false,"poster_path":"/db32LaOibwEliAmSL2jjDF6oDdj.jpg","id":181812,"adult":false,"backdrop_path":"/jOzrELAzFxtMx2I4uDGHOotdfsS.jpg","original_language":"en","original_title":"Star Wars: The Rise of Skywalker","genre_ids":[28,12,878],"title":"Star Wars: The Rise of Skywalker","vote_average":0,"overview":"The next installment in the franchise and the conclusion of the “Star Wars“ sequel trilogy as well as the “Skywalker Saga.“","release_date":"2019-12-20"},{"popularity":20.726,"vote_count":9819,"video":false,"poster_path":"/qjiskwlV1qQzRCjpV0cL9pEMF9a.jpg","id":330459,"adult":false,"backdrop_path":"/wf6FHPjF0HGIIkxqzvBHA2XYef9.jpg","original_language":"en","original_title":"Rogue One: A Star Wars Story","genre_ids":[28,12,878],"title":"Rogue One: A Star Wars Story","vote_average":7.5,"overview":"A rogue band of resistance fighters unite for a mission to steal the Death Star plans and bring a new hope to the galaxy.","release_date":"2016-12-16"},{"popularity":3.683,"id":332479,"video":false,"vote_count":60,"vote_average":8,"title":"Star Wars: TIE Fighter","release_date":"2015-03-24","original_language":"en","original_title":"Star Wars: TIE Fighter","genre_ids":[878,28,16],"backdrop_path":"/eNSyTprwxXrXs5amshnz2R2GKod.jpg","adult":false,"overview":"Paul “OtaKing” Johnson drops a real treat in the form of this “Star Wars: TIE Fighter” animated short fan film. Complete with appropriately radical electric guitar solos and impressive attention to detail, “TIE Fighter” casts the forces of the Galactic Empire not in the role of disposable cannon fodder seen in the Star Wars films, but as near-suicidal reckless angels of death.  Johnson animated this 7-minute short over the course of “four years’ worth of weekends,” and his love and attention-to-detail shows.","poster_path":"/jwUexLOEBMFMbBoKzK4AT7hQYDw.jpg"},{"popularity":2.485,"id":378386,"video":false,"vote_count":10,"vote_average":6.6,"title":"Star Wars: Greatest Moments","release_date":"2015-12-26","original_language":"en","original_title":"Star Wars: Greatest Moments","genre_ids":[99],"backdrop_path":null,"adult":false,"overview":"Alex Zane counts down the top 20 Star Wars moments as voted by the public. Includes contributions from famous fans as well as the stars and crew of the intergalactic saga.","poster_path":"/65jlytLScOl2pEzm1ky6aagVreR.jpg"},{"popularity":8.211,"id":70608,"video":false,"vote_count":61,"vote_average":6.1,"title":"Lego Star Wars: The Padawan Menace","release_date":"2011-07-22","original_language":"en","original_title":"Lego Star Wars: The Padawan Menace","genre_ids":[16,10751,878],"backdrop_path":"/hYJ1gD7bHtQsNKV8UVTsX9tD1EJ.jpg","adult":false,"overview":"A routine Jedi Academy field trip is turned into a rip-roaring comic adventure in LEGO Star Wars: The Padawan Menace. Tour guide Master Yoda leads a group of rambunctious Jedi Younglings through Senate chambers when he senses a disturbance in the Force. Summoned to help save the Republic, he discovers that one of the Younglings secretly boarded his ship...and has a taste for adventure! Meanwhile, C-3PO and R2-D2 are put in charge of the boisterous group and find themselves in over their heads. As the evil Sith prepare to wreak havoc, it's up to Yoda and the Droids to ensure that their young charges aren't torn to bricks!","poster_path":"/cIKQu7UlXAv94guz14Zij0Xm0tx.jpg"},{"popularity":121.271,"vote_count":1752,"video":false,"poster_path":"/kvpNZAQow5es1tSY6XW2jAZuPPG.jpg","id":384018,"adult":false,"backdrop_path":"/qAhedRxRYWZAgZ8O8pHIl6QHdD7.jpg","original_language":"en","original_title":"Fast & Furious Presents: Hobbs & Shaw","genre_ids":[28,12,35],"title":"Fast & Furious Presents: Hobbs & Shaw","vote_average":6.5,"overview":"Ever since US Diplomatic Security Service Agent Hobbs and lawless outcast Shaw first faced off, they just have swapped smacks and bad words. But when cyber-genetically enhanced anarchist Brixton's ruthless actions threaten the future of humanity, both join forces to defeat him. (A spin-off of “The Fate of the Furious,” focusing on Johnson's Luke Hobbs and Statham's Deckard Shaw.)","release_date":"2019-08-02"},{"popularity":9.217,"vote_count":0,"video":false,"poster_path":"/2DyEk84XnbJEdPlGF43crxfdtHH.jpg","id":385687,"adult":false,"backdrop_path":null,"original_language":"en","original_title":"Fast & Furious 10","genre_ids":[28,80,53],"title":"Fast & Furious 10","vote_average":0,"overview":"Tenth and final installment of the Fast and Furious franchise.","release_date":"2021-04-02"},{"popularity":8.393,"vote_count":30,"video":false,"poster_path":"/7JeHrXR1FU57Y6b90YDpFJMhmVO.jpg","id":585268,"adult":false,"backdrop_path":"/5Tw0isY4Fs08burneYsa6JvHbER.jpg","original_language":"hi","original_title":"War","genre_ids":[28,53],"title":"War","vote_average":7,"overview":"Khalid, is entrusted with the task of eliminating Kabir, a former soldier turned rogue, as he engages in an epic battle with his mentor who had taught him everything.","release_date":"2019-10-02"},{"popularity":41.157,"vote_count":14916,"video":false,"poster_path":"/kSBXou5Ac7vEqKd97wotJumyJvU.jpg","id":271110,"adult":false,"backdrop_path":"/m5O3SZvQ6EgD5XXXLPIP1wLppeW.jpg","original_language":"en","original_title":"Captain America: Civil War","genre_ids":[28,12,878],"title":"Captain America: Civil War","vote_average":7.4,"overview":"Following the events of Age of Ultron, the collective governments of the world pass an act designed to regulate all superhuman activity. This polarizes opinion amongst the Avengers, causing two factions to side with Iron Man or Captain America, which causes an epic battle between former allies.","release_date":"2016-05-06"},{"popularity":17.666,"vote_count":9660,"video":false,"poster_path":"/Ha5t0J21eyiq6Az1EXzx0iwsGH.jpg","id":72190,"adult":false,"backdrop_path":"/xMOQVYLeIKBXenJ9KMeasj7S64y.jpg","original_language":"en","original_title":"World War Z","genre_ids":[28,18,27,878,53],"title":"World War Z","vote_average":6.7,"overview":"Life for former United Nations investigator Gerry Lane and his family seems content. Suddenly, the world is plagued by a mysterious infection turning whole human populations into rampaging mindless zombies. After barely escaping the chaos, Lane is persuaded to go on a mission to investigate this disease. What follows is a perilous trek around the world where Lane must brave horrific dangers and long odds to find answers before human civilization falls.","release_date":"2013-06-21"},{"popularity":11.337,"vote_count":1983,"video":false,"poster_path":"/6wMoQyJddEiLCzLUHiX7LNWhDol.jpg","id":57212,"adult":false,"backdrop_path":"/iO4fslQ9CenAOcg3JfhN6o9va2.jpg","original_language":"en","original_title":"War Horse","genre_ids":[28,18,10752],"title":"War Horse","vote_average":7.2,"overview":"Follows a young man named Albert and his horse, Joey, and how their bond is broken when Joey is sold to the cavalry and sent to the trenches of World War One. Despite being too young to enlist, Albert heads to France to save his friend.","release_date":"2011-12-25"},{"popularity":99.088,"vote_count":3974,"video":false,"poster_path":"/3iYQTLGoy7QnjcUYRJy4YrAgGvp.jpg","id":420817,"adult":false,"backdrop_path":"/rVqY0Bo4Npf6EIONUROxjYAJfmD.jpg","original_language":"en","original_title":"Aladdin","genre_ids":[12,35,14,10749,10751],"title":"Aladdin","vote_average":7.1,"overview":"A kindhearted street urchin named Aladdin embarks on a magical adventure after finding a lamp that releases a wisecracking genie while a power-hungry Grand Vizier vies for the same lamp that has the power to make their deepest wishes come true.","release_date":"2019-05-24"},{"popularity":39.719,"vote_count":12834,"video":false,"poster_path":"/c24sv2weTHPsmDa7jEMN0m2P3RT.jpg","id":315635,"adult":false,"backdrop_path":"/vc8bCGjdVp0UbMNLzHnHSLRbBWQ.jpg","original_language":"en","original_title":"Spider-Man: Homecoming","genre_ids":[28,12,18,878],"title":"Spider-Man: Homecoming","vote_average":7.4,"overview":"Following the events of Captain America: Civil War, Peter Parker, with the help of his mentor Tony Stark, tries to balance his life as an ordinary high school student in Queens, New York City, with fighting crime as his superhero alter ego Spider-Man as a new threat, the Vulture, emerges.","release_date":"2017-07-07"},{"popularity":96.005,"vote_count":4844,"video":false,"poster_path":"/lcq8dVxeeOqHvvgcte707K0KVx5.jpg","id":429617,"adult":false,"backdrop_path":"/5myQbDzw3l8K9yofUXRJ4UTVgam.jpg","original_language":"en","original_title":"Spider-Man: Far from Home","genre_ids":[28,12,878],"title":"Spider-Man: Far from Home","vote_average":7.6,"overview":"Peter Parker and his friends go on a summer trip to Europe. However, they will hardly be able to rest - Peter will have to agree to help Nick Fury uncover the mystery of creatures that cause natural disasters and destruction throughout the continent.","release_date":"2019-07-02"},{"popularity":22.957,"vote_count":10655,"video":false,"poster_path":"/rZd0y1X1Gw4t5B3f01Qzj8DYY66.jpg","id":557,"adult":false,"backdrop_path":"/5yAEbTXiJZQpNx7eCyyOhnY9MYw.jpg","original_language":"en","original_title":"Spider-Man","genre_ids":[28,14],"title":"Spider-Man","vote_average":7.1,"overview":"After being bitten by a genetically altered spider, nerdy high school student Peter Parker is endowed with amazing powers.","release_date":"2002-05-03"},{"popularity":22.353,"vote_count":7724,"video":false,"poster_path":"/2N9lhZg6VtVJoGCZDjXVC3a81Ea.jpg","id":559,"adult":false,"backdrop_path":"/7IBpOrw0ATwL1AOV97mtsceDpYs.jpg","original_language":"en","original_title":"Spider-Man 3","genre_ids":[28,12,14],"title":"Spider-Man 3","vote_average":6.2,"overview":"The seemingly invincible Spider-Man goes up against an all-new crop of villains—including the shape-shifting Sandman. While Spider-Man’s superpowers are altered by an alien organism, his alter ego, Peter Parker, deals with nemesis Eddie Brock and also gets caught up in a love triangle.","release_date":"2007-05-03"},{"popularity":54.842,"vote_count":5548,"video":false,"poster_path":"/iiZZdoQBEYBv6id8su7ImL0oCbD.jpg","id":324857,"adult":false,"backdrop_path":"/uUiId6cG32JSRI6RyBQSvQtLjz2.jpg","original_language":"en","original_title":"Spider-Man: Into the Spider-Verse","genre_ids":[28,12,16,35,878],"title":"Spider-Man: Into the Spider-Verse","vote_average":8.4,"overview":"Miles Morales is juggling his life between being a high school student and being a spider-man. When Wilson \"Kingpin\" Fisk uses a super collider, others from across the Spider-Verse are transported to this dimension.","release_date":"2018-12-14"},{"popularity":26.134,"vote_count":11027,"video":false,"poster_path":"/eA2D86Y6VPWuUzZyatiLBwpTilQ.jpg","id":1930,"adult":false,"backdrop_path":"/ujAY1ad7yS2TfV0GDNGUZ7DK0mo.jpg","original_language":"en","original_title":"The Amazing Spider-Man","genre_ids":[28,12,14],"title":"The Amazing Spider-Man","vote_average":6.5,"overview":"Peter Parker is an outcast high schooler abandoned by his parents as a boy, leaving him to be raised by his Uncle Ben and Aunt May. Like most teenagers, Peter is trying to figure out who he is and how he got to be the person he is today. As Peter discovers a mysterious briefcase that belonged to his father, he begins a quest to understand his parents' disappearance – leading him directly to Oscorp and the lab of Dr. Curt Connors, his father's former partner. As Spider-Man is set on a collision course with Connors' alter ego, The Lizard, Peter will make life-altering choices to use his powers and shape his destiny to become a hero.","release_date":"2012-07-04"},{"popularity":21.954,"vote_count":7704,"video":false,"poster_path":"/mUjWof8LHDgCZC9mFp0UYKBf1Dm.jpg","id":102382,"adult":false,"backdrop_path":"/tmFDgDmrdp5DYezwpL0ymQKIbnV.jpg","original_language":"en","original_title":"The Amazing Spider-Man 2","genre_ids":[28,12,14],"title":"The Amazing Spider-Man 2","vote_average":6.4,"overview":"For Peter Parker, life is busy. Between taking out the bad guys as Spider-Man and spending time with the person he loves, Gwen Stacy, high school graduation cannot come quickly enough. Peter has not forgotten about the promise he made to Gwen’s father to protect her by staying away, but that is a promise he cannot keep. Things will change for Peter when a new villain, Electro, emerges, an old friend, Harry Osborn, returns, and Peter uncovers new clues about his past.","release_date":"2014-05-02"},{"popularity":12.507,"vote_count":8672,"video":false,"poster_path":"/olxpyq9kJAZ2NU1siLshhhXEPR7.jpg","id":558,"adult":false,"backdrop_path":"/inHzBSWqQhHaamuBSZ0I0YQ1OQf.jpg","original_language":"en","original_title":"Spider-Man 2","genre_ids":[28,12,14],"title":"Spider-Man 2","vote_average":7,"overview":"Peter Parker is going through a major identity crisis. Burned out from being Spider-Man, he decides to shelve his superhero alter ego, which leaves the city suffering in the wake of carnage left by the evil Doc Ock. In the meantime, Parker still can't act on his feelings for Mary Jane Watson, a girl he's loved since childhood.","release_date":"2004-06-30"},{"popularity":34.339,"vote_count":7287,"video":false,"poster_path":"/5Kg76ldv7VxeX9YlcQXiowHgdX6.jpg","id":297802,"adult":false,"backdrop_path":"/9QusGjxcYvfPD1THg6oW3RLeNn7.jpg","original_language":"en","original_title":"Aquaman","genre_ids":[28,12,14],"title":"Aquaman","vote_average":6.8,"overview":"Once home to the most advanced civilization on Earth, Atlantis is now an underwater kingdom ruled by the power-hungry King Orm. With a vast army at his disposal, Orm plans to conquer the remaining oceanic people and then the surface world. Standing in his way is Arthur Curry, Orm's half-human, half-Atlantean brother and true heir to the throne.","release_date":"2018-12-21"},{"popularity":38.282,"vote_count":7369,"video":false,"poster_path":"/2uNW4WbgBXL25BAbXGLnLqX71Sw.jpg","id":335983,"adult":false,"backdrop_path":"/VuukZLgaCrho2Ar8Scl9HtV3yD.jpg","original_language":"en","original_title":"Venom","genre_ids":[28,878],"title":"Venom","vote_average":6.6,"overview":"Investigative journalist Eddie Brock attempts a comeback following a scandal, but accidentally becomes the host of Venom, a violent, super powerful alien symbiote. Soon, he must rely on his newfound powers to protect the world from a shadowy organization looking for a symbiote of their own.","release_date":"2018-10-05"},{"popularity":19.379,"vote_count":3189,"video":false,"poster_path":"/x1ygBecKHfXX4M2kRhmFKWfWbJc.jpg","id":9737,"adult":false,"backdrop_path":"/2jNSXfITbGYxxWLJOLTh9eAx3y8.jpg","original_language":"en","original_title":"Bad Boys","genre_ids":[28,35,80,53],"title":"Bad Boys","vote_average":6.6,"overview":"Marcus Burnett is a hen-pecked family man. Mike Lowry is a foot-loose and fancy free ladies' man. Both are Miami policemen, and both have 72 hours to reclaim a consignment of drugs stolen from under their station's nose. To complicate matters, in order to get the assistance of the sole witness to a murder, they have to pretend to be each other.","release_date":"1995-04-07"},{"popularity":18.267,"id":8961,"video":false,"vote_count":2847,"vote_average":6.4,"title":"Bad Boys II","release_date":"2003-07-18","original_language":"en","original_title":"Bad Boys II","genre_ids":[12,28,35,53,80],"backdrop_path":"/5xQVApmdUbBlCi1QzS8NwbCF0Ne.jpg","adult":false,"overview":"Out-of-control, trash-talking buddy cops Marcus Burnett and Mike Lowrey of the Miami Narcotics Task Force reunite, and bullets fly, cars crash and laughs explode as they pursue a whacked-out drug lord from the streets of Miami to the barrios of Cuba. But the real fireworks result when Marcus discovers that playboy Mike is secretly romancing Marcus’ sexy sister.","poster_path":"/680X9apSqmAcebLg8evnnUeQNeI.jpg"},{"popularity":10.774,"vote_count":0,"video":false,"poster_path":"/yIFkfJgYOpPRAgvCbcy0Os96BDj.jpg","id":38700,"adult":false,"backdrop_path":"/3EXcgNW3SyGveCSDLC38oESQ8K1.jpg","original_language":"en","original_title":"Bad Boys for Life","genre_ids":[28,80,53],"title":"Bad Boys for Life","vote_average":0,"overview":"Marcus Burnett is now a police inspector and Mike Lowery is in a midlife crisis. They unite again when an Albanian mercenary, whose brother they killed, promises them an important bonus.","release_date":"2020-01-17"},{"popularity":339.837,"vote_count":323,"video":false,"poster_path":"/vqzNJRH4YyquRiWxCCOH0aXggHI.jpg","id":290859,"adult":false,"backdrop_path":"/a6cDxdwaQIFjSkXf7uskg78ZyTq.jpg","original_language":"en","original_title":"Terminator: Dark Fate","genre_ids":[28,878],"title":"Terminator: Dark Fate","vote_average":6.6,"overview":"More than two decades have passed since Sarah Connor prevented Judgment Day, changed the future, and re-wrote the fate of the human race. Dani Ramos is living a simple life in Mexico City with her brother and father when a highly advanced and deadly new Terminator – a Rev-9 – travels back through time to hunt and kill her. Dani's survival depends on her joining forces with two warriors: Grace, an enhanced super-soldier from the future, and a battle-hardened Sarah Connor. As the Rev-9 ruthlessly destroys everything and everyone in its path on the hunt for Dani, the three are led to a T-800 from Sarah’s past that may be their last best hope.","release_date":"2019-11-01"},{"popularity":66.6,"vote_count":5584,"video":false,"poster_path":"/5JU9ytZJyR3zmClGmVm9q4Geqbd.jpg","id":87101,"adult":false,"backdrop_path":"/3DmxSJ08m9wwbxwbwHzA4dunGNO.jpg","original_language":"en","original_title":"Terminator Genisys","genre_ids":[28,12,878,53],"title":"Terminator Genisys","vote_average":5.9,"overview":"The year is 2029. John Connor, leader of the resistance continues the war against the machines. At the Los Angeles offensive, John's fears of the unknown future begin to emerge when TECOM spies reveal a new plot by SkyNet that will attack him from both fronts; past and future, and will ultimately change warfare forever.","release_date":"2015-07-01"},{"popularity":52.876,"vote_count":7375,"video":false,"poster_path":"/q8ffBuxQlYOHrvPniLgCbmKK4Lv.jpg","id":218,"adult":false,"backdrop_path":"/6yFoLNQgFdVbA8TZMdfgVpszOla.jpg","original_language":"en","original_title":"The Terminator","genre_ids":[28,878,53],"title":"The Terminator","vote_average":7.5,"overview":"In the post-apocalyptic future, reigning tyrannical supercomputers teleport a cyborg assassin known as the \"Terminator\" back to 1984 to kill Sarah Connor, whose unborn son is destined to lead insurgents against 21st century mechanical hegemony. Meanwhile, the human-resistance movement dispatches a lone warrior to safeguard Sarah. Can he stop the virtually indestructible killing machine?","release_date":"1984-10-26"},{"popularity":40.417,"vote_count":3966,"video":false,"poster_path":"/gw6JhlekZgtKUFlDTezq3j5JEPK.jpg","id":534,"adult":false,"backdrop_path":"/mglXOOyXISvuIdLgvhU9oXn1Mi7.jpg","original_language":"en","original_title":"Terminator Salvation","genre_ids":[28,878,53],"title":"Terminator Salvation","vote_average":6,"overview":"All grown up in post-apocalyptic 2018, John Connor must lead the resistance of humans against the increasingly dominating militaristic robots. But when Marcus Wright appears, his existence confuses the mission as Connor tries to determine whether Wright has come from the future or the past -- and whether he's friend or foe.","release_date":"2009-05-20"},{"popularity":56.243,"vote_count":7216,"video":false,"poster_path":"/2y4dmgWYRMYXdD1UyJVcn2HSd1D.jpg","id":280,"adult":false,"backdrop_path":"/d9AqtruwS8nljKjL5aYzM42hQJr.jpg","original_language":"en","original_title":"Terminator 2: Judgment Day","genre_ids":[28,878,53],"title":"Terminator 2: Judgment Day","vote_average":7.9,"overview":"Nearly 10 years have passed since Sarah Connor was targeted for termination by a cyborg from the future. Now her son, John, the future leader of the resistance, is the target for a newer, more deadly terminator. Once again, the resistance has managed to send a protector back to attempt to save John and his mother Sarah.","release_date":"1991-07-03"},{"popularity":34.741,"vote_count":3816,"video":false,"poster_path":"/lz4xYdF1n09lyiCfZWtWT44SZiG.jpg","id":296,"adult":false,"backdrop_path":"/8ZuMyOjFpwq1tNU9MAFN836Wb1b.jpg","original_language":"en","original_title":"Terminator 3: Rise of the Machines","genre_ids":[28,878,53],"title":"Terminator 3: Rise of the Machines","vote_average":6,"overview":"It's been 10 years since John Connor saved Earth from Judgment Day, and he's now living under the radar, steering clear of using anything Skynet can trace. That is, until he encounters T-X, a robotic assassin ordered to finish what T-1000 started. Good thing Connor's former nemesis, the Terminator, is back to aid the now-adult Connor … just like he promised.","release_date":"2003-07-02"},{"popularity":31.387,"vote_count":12627,"video":false,"poster_path":"/h1XjBJoWdOh8aegBoVYKgABQZSL.jpg","id":49051,"adult":false,"backdrop_path":"/LXNMeisGBRDMERehjNQDnz9qKI.jpg","original_language":"en","original_title":"The Hobbit: An Unexpected Journey","genre_ids":[28,12,14],"title":"The Hobbit: An Unexpected Journey","vote_average":7.2,"overview":"Bilbo Baggins, a hobbit enjoying his quiet life, is swept into an epic quest by Gandalf the Grey and thirteen dwarves who seek to reclaim their mountain home from Smaug, the dragon.","release_date":"2012-12-14"},{"popularity":48.84,"vote_count":8911,"video":false,"poster_path":"/9zRzFJuaj0CHIOhAkcCcFTvyu2X.jpg","id":122917,"adult":false,"backdrop_path":"/qhH3GyIfAnGv1pjdV3mw03qAilg.jpg","original_language":"en","original_title":"The Hobbit: The Battle of the Five Armies","genre_ids":[28,12,14],"title":"The Hobbit: The Battle of the Five Armies","vote_average":7.3,"overview":"Immediately after the events of The Desolation of Smaug, Bilbo and the dwarves try to defend Erebor's mountain of treasure from others who claim it: the men of the ruined Laketown and the elves of Mirkwood. Meanwhile an army of Orcs led by Azog the Defiler is marching on Erebor, fueled by the rise of the dark lord Sauron. Dwarves, elves and men must unite, and the hope for Middle-Earth falls into Bilbo's hands.","release_date":"2014-12-17"},{"popularity":26.281,"vote_count":8140,"video":false,"poster_path":"/gQCiuxGsfiXH1su6lp9n0nd0UeH.jpg","id":57158,"adult":false,"backdrop_path":"/hyR7Fs6Tepgu3yCQGtgO4Ilz9tY.jpg","original_language":"en","original_title":"The Hobbit: The Desolation of Smaug","genre_ids":[28,12,14],"title":"The Hobbit: The Desolation of Smaug","vote_average":7.6,"overview":"The Dwarves, Bilbo and Gandalf have successfully escaped the Misty Mountains, and Bilbo has gained the One Ring. They all continue their journey to get their gold back from the Dragon, Smaug.","release_date":"2013-12-13"},{"popularity":56.127,"vote_count":11137,"video":false,"poster_path":"/5vHssUeVe25bMrof1HyaPyWgaP.jpg","id":245891,"adult":false,"backdrop_path":"/iJlGxN0p1suzloBGvvBu3QSSlhT.jpg","original_language":"en","original_title":"John Wick","genre_ids":[28,53],"title":"John Wick","vote_average":7.2,"overview":"Ex-hitman John Wick comes out of retirement to track down the gangsters that took everything from him.","release_date":"2014-10-24"},{"popularity":67.237,"vote_count":3121,"video":false,"poster_path":"/ziEuG1essDuWuC5lpWUaw1uXY2O.jpg","id":458156,"adult":false,"backdrop_path":"/stemLQMLDrlpfIlZ5OjllOPT8QX.jpg","original_language":"en","original_title":"John Wick: Chapter 3 - Parabellum","genre_ids":[28,80,53],"title":"John Wick: Chapter 3 - Parabellum","vote_average":7.1,"overview":"Super-assassin John Wick returns with a $14 million price tag on his head and an army of bounty-hunting killers on his trail. After killing a member of the shadowy international assassin’s guild, the High Table, John Wick is excommunicado, but the world’s most ruthless hit men and women await his every turn.","release_date":"2019-05-17"},{"popularity":30.67,"vote_count":6674,"video":false,"poster_path":"/zkXnKIwX5pYorKJp2fjFSfNyKT0.jpg","id":324552,"adult":false,"backdrop_path":"/5qEaTFR3dVHgP85YXraZJiRBHt1.jpg","original_language":"en","original_title":"John Wick: Chapter 2","genre_ids":[28,80,53],"title":"John Wick: Chapter 2","vote_average":7.1,"overview":"John Wick is forced out of retirement by a former associate looking to seize control of a shadowy international assassins’ guild. Bound by a blood oath to aid him, Wick travels to Rome and does battle against some of the world’s most dangerous killers.","release_date":"2017-02-10"},{"popularity":8.307,"vote_count":0,"video":false,"poster_path":"/lTEHgydqizmFimnV90AjCjCvxwr.jpg","id":603692,"adult":false,"backdrop_path":null,"original_language":"en","original_title":"John Wick: Chapter 4","genre_ids":[28,80,53],"title":"John Wick: Chapter 4","vote_average":0,"overview":"Continues where John Wick: Chapter 3 – Parabellum left off.","release_date":"2021-05-21"},{"popularity":26.471,"vote_count":4291,"video":false,"poster_path":"/AkJQpZp9WoNdj7pLYSj1L0RcMMN.jpg","id":353081,"adult":false,"backdrop_path":"/aw4FOsWr2FY373nKSxbpNi3fz4F.jpg","original_language":"en","original_title":"Mission: Impossible - Fallout","genre_ids":[28,12],"title":"Mission: Impossible - Fallout","vote_average":7.3,"overview":"When an IMF mission ends badly, the world is faced with dire consequences. As Ethan Hunt takes it upon himself to fulfill his original briefing, the CIA begin to question his loyalty and his motives. The IMF team find themselves in a race against time, hunted by assassins while trying to prevent a global catastrophe.","release_date":"2018-07-27"},{"popularity":25.948,"vote_count":5053,"video":false,"poster_path":"/1PVKS17pIBFsIhgFws2uagPDNLW.jpg","id":954,"adult":false,"backdrop_path":"/tjQHn6xW5BiB1RJ3OZIPDzIOSkF.jpg","original_language":"en","original_title":"Mission: Impossible","genre_ids":[28,12,53],"title":"Mission: Impossible","vote_average":6.9,"overview":"When Ethan Hunt, the leader of a crack espionage team whose perilous operation has gone awry with no explanation, discovers that a mole has penetrated the CIA, he's surprised to learn that he's the No. 1 suspect. To clear his name, Hunt now must ferret out the real double agent and, in the process, even the score.","release_date":"1996-05-22"},{"popularity":21.362,"vote_count":5529,"video":false,"poster_path":"/z2sJd1OvAGZLxgjBdSnQoLCfn3M.jpg","id":177677,"adult":false,"backdrop_path":"/8XeLfNQrDmFQmPTqxapfWUnKiLf.jpg","original_language":"en","original_title":"Mission: Impossible - Rogue Nation","genre_ids":[28,12],"title":"Mission: Impossible - Rogue Nation","vote_average":7.1,"overview":"Ethan and team take on their most impossible mission yet—eradicating 'The Syndicate', an International and highly-skilled rogue organisation committed to destroying the IMF.","release_date":"2015-07-31"},{"popularity":20.907,"id":956,"video":false,"vote_count":3838,"vote_average":6.6,"title":"Mission: Impossible III","release_date":"2006-05-04","original_language":"en","original_title":"Mission: Impossible III","genre_ids":[12,28,53],"backdrop_path":"/kOELgNnVt6EGCjtDXx85YUw6p8X.jpg","adult":false,"overview":"Retired from active duty to train new IMF agents, Ethan Hunt is called back into action to confront sadistic arms dealer, Owen Davian. Hunt must try to protect his girlfriend while working with his new team to complete the mission.","poster_path":"/qjy8ABAbWooV4jLG6UjzDHlv4RB.jpg"},{"popularity":18.618,"vote_count":3784,"video":false,"poster_path":"/di800v3Racf2FQ1ObZ1dskgS0px.jpg","id":955,"adult":false,"backdrop_path":"/bDdVZNvxb670EMlZqeIy6RdyJ4V.jpg","original_language":"en","original_title":"Mission: Impossible II","genre_ids":[28,12,53],"title":"Mission: Impossible II","vote_average":6.1,"overview":"With computer genius Luther Stickell at his side and a beautiful thief on his mind, agent Ethan Hunt races across Australia and Spain to stop a former IMF agent from unleashing a genetically engineered biological weapon called Chimera. This mission, should Hunt choose to accept it, plunges him into the center of an international crisis of terrifying magnitude.","release_date":"2000-05-24"},{"popularity":19.151,"vote_count":6427,"video":false,"poster_path":"/s58mMsgIVOFfoXPtwPWJ3hDYpXf.jpg","id":56292,"adult":false,"backdrop_path":"/pc7a2qrIkIxzqWGqcexd3mHzIxy.jpg","original_language":"en","original_title":"Mission: Impossible - Ghost Protocol","genre_ids":[28,12,53],"title":"Mission: Impossible - Ghost Protocol","vote_average":7,"overview":"Ethan Hunt and his team are racing against time to track down a dangerous terrorist named Hendricks, who has gained access to Russian nuclear launch codes and is planning a strike on the United States. An attempt to stop him ends in an explosion causing severe destruction to the Kremlin and the IMF to be implicated in the bombing, forcing the President to disavow them. No longer being aided by the government, Ethan and his team chase Hendricks around the globe, although they might still be too late to stop a disaster.","release_date":"2011-12-21"},{"popularity":45.995,"vote_count":15430,"video":false,"poster_path":"/lZpWprJqbIFpEV5uoHfoK0KCnTW.jpg","id":603,"adult":false,"backdrop_path":"/icmmSD4vTTDKOq2vvdulafOGw93.jpg","original_language":"en","original_title":"The Matrix","genre_ids":[28,878],"title":"The Matrix","vote_average":8.1,"overview":"Set in the 22nd century, The Matrix tells the story of a computer hacker who joins a group of underground insurgents fighting the vast and powerful computers who now rule the earth.","release_date":"1999-03-30"},{"popularity":24.955,"id":604,"video":false,"vote_count":6133,"vote_average":6.9,"title":"The Matrix Reloaded","release_date":"2003-05-15","original_language":"en","original_title":"The Matrix Reloaded","genre_ids":[12,28,53,878],"backdrop_path":"/Fp3piEuHXxKnPBO5R0Wj4wjZHg.jpg","adult":false,"overview":"Six months after the events depicted in The Matrix, Neo has proved to be a good omen for the free humans, as more and more humans are being freed from the matrix and brought to Zion, the one and only stronghold of the Resistance.  Neo himself has discovered his superpowers including super speed, ability to see the codes of the things inside the matrix and a certain degree of pre-cognition. But a nasty piece of news hits the human resistance: 250,000 machine sentinels are digging to Zion and would reach them in 72 hours. As Zion prepares for the ultimate war, Neo, Morpheus and Trinity are advised by the Oracle to find the Keymaker who would help them reach the Source.  Meanwhile Neo's recurrent dreams depicting Trinity's death have got him worried and as if it was not enough, Agent Smith has somehow escaped deletion, has become more powerful than before and has fixed Neo as his next target.","poster_path":"/ezIurBz2fdUc68d98Fp9dRf5ihv.jpg"},{"popularity":19.076,"id":605,"video":false,"vote_count":5509,"vote_average":6.6,"title":"The Matrix Revolutions","release_date":"2003-11-05","original_language":"en","original_title":"The Matrix Revolutions","genre_ids":[12,28,53,878],"backdrop_path":"/pdVHUsb2eEz9ALNTr6wfRJe5xVa.jpg","adult":false,"overview":"The human city of Zion defends itself against the massive invasion of the machines as Neo fights to end the war at another front while also opposing the rogue Agent Smith.","poster_path":"/2aJvwc4zXqtVUDbEu62e14J0mhe.jpg"},{"popularity":9.697,"id":14543,"video":false,"vote_count":108,"vote_average":6.8,"title":"The Matrix Revisited","release_date":"2001-11-20","original_language":"en","original_title":"The Matrix Revisited","genre_ids":[99],"backdrop_path":"/lBdXACywnLwKUZmZkZ87djDQBeV.jpg","adult":false,"overview":"The film goes behind the scenes of the 1999 sci-fi movie The Matrix.","poster_path":"/kR4xt6eVdTS1agmUiL4RHXEYkDs.jpg"},{"popularity":6.509,"id":624860,"video":false,"vote_count":0,"vote_average":0,"title":"The Matrix 4","release_date":"","original_language":"en","original_title":"The Matrix 4","genre_ids":[28,878],"backdrop_path":null,"adult":false,"overview":"The fourth installment in The Matrix franchise. Plot unknown.","poster_path":"/uoQfAYR1NTax9akJ1ceeQTKNXeo.jpg"},{"popularity":20.08,"vote_count":10531,"video":false,"poster_path":"/rwn876MeqienhOVSSjtUPnwxn0Z.jpg","id":240832,"adult":false,"backdrop_path":"/eCgIoGvfNXrbSiQGqQHccuHjQHm.jpg","original_language":"en","original_title":"Lucy","genre_ids":[28,878],"title":"Lucy","vote_average":6.3,"overview":"A woman, accidentally caught in a dark deal, turns the tables on her captors and transforms into a merciless warrior evolved beyond human logic.","release_date":"2014-07-25"},{"popularity":54.346,"vote_count":2995,"video":false,"poster_path":"/fw02ONlDhrYjTSZV8XO6hhU3ds3.jpg","id":424783,"adult":false,"backdrop_path":"/17nDJQsGVim6oows2TlN98UacbO.jpg","original_language":"en","original_title":"Bumblebee","genre_ids":[28,12,878],"title":"Bumblebee","vote_average":6.5,"overview":"On the run in the year 1987, Bumblebee finds refuge in a junkyard in a small Californian beach town. Charlie, on the cusp of turning 18 and trying to find her place in the world, discovers Bumblebee, battle-scarred and broken.  When Charlie revives him, she quickly learns this is no ordinary yellow VW bug.","release_date":"2018-12-21"}]